Manning's n,Overbank flow coefficient,Overbank flow power-law exponent,Stage at Q = 0 [m],Bank height [m],SD: Manning's n,SD: Overbank flow coefficient,SD: Overbank flow power-law exponent,SD: Stage at Q = 0 [m],SD: Bank height [m],Fit RMSE [m^3/s]
0.025891400898296713,132.61054572894466,1.6370746989660836,0.5014604034855068,5.728078237551692,6.084145569376072e-14,145799.3276108303,4.2525093239942795e-05,3.78786007764779e-06,9.507087261736275e-05,44.64037437320904
